<?xml version="1.0" encoding="UTF-8"?>
<GenRun Id="impl_1" LaunchPart="xc7k70tfbv676-1" LaunchTime="1681978501">
  <File Type="ROUTE-PWR" Name="AXIS_ACC_SQUARES_power_routed.rpt"/>
  <File Type="PA-TCL" Name="AXIS_ACC_SQUARES.tcl"/>
  <File Type="BITSTR-BMM" Name="AXIS_ACC_SQUARES_bd.bmm"/>
  <File Type="ROUTE-PWR-SUM" Name="AXIS_ACC_SQUARES_power_summary_routed.pb"/>
  <File Type="REPORTS-TCL" Name="AXIS_ACC_SQUARES_reports.tcl"/>
  <File Type="OPT-DCP" Name="AXIS_ACC_SQUARES_opt.dcp"/>
  <File Type="OPT-DRC" Name="AXIS_ACC_SQUARES_drc_opted.rpt"/>
  <File Type="OPT-HWDEF" Name="AXIS_ACC_SQUARES.hwdef"/>
  <File Type="PWROPT-DCP" Name="AXIS_ACC_SQUARES_pwropt.dcp"/>
  <File Type="PLACE-DCP" Name="AXIS_ACC_SQUARES_placed.dcp"/>
  <File Type="PLACE-IO" Name="AXIS_ACC_SQUARES_io_placed.rpt"/>
  <File Type="PLACE-UTIL" Name="AXIS_ACC_SQUARES_utilization_placed.rpt"/>
  <File Type="PLACE-UTIL-PB" Name="AXIS_ACC_SQUARES_utilization_placed.pb"/>
  <File Type="PLACE-CTRL" Name="AXIS_ACC_SQUARES_control_sets_placed.rpt"/>
  <File Type="PLACE-PRE-SIMILARITY" Name="AXIS_ACC_SQUARES_incremental_reuse_pre_placed.rpt"/>
  <File Type="BG-BGN" Name="AXIS_ACC_SQUARES.bgn"/>
  <File Type="POSTPLACE-PWROPT-DCP" Name="AXIS_ACC_SQUARES_postplace_pwropt.dcp"/>
  <File Type="BG-BIN" Name="AXIS_ACC_SQUARES.bin"/>
  <File Type="PHYSOPT-DCP" Name="AXIS_ACC_SQUARES_physopt.dcp"/>
  <File Type="BITSTR-MSK" Name="AXIS_ACC_SQUARES.msk"/>
  <File Type="ROUTE-ERROR-DCP" Name="AXIS_ACC_SQUARES_routed_error.dcp"/>
  <File Type="ROUTE-DCP" Name="AXIS_ACC_SQUARES_routed.dcp"/>
  <File Type="ROUTE-BLACKBOX-DCP" Name="AXIS_ACC_SQUARES_routed_bb.dcp"/>
  <File Type="ROUTE-DRC" Name="AXIS_ACC_SQUARES_drc_routed.rpt"/>
  <File Type="ROUTE-DRC-PB" Name="AXIS_ACC_SQUARES_drc_routed.pb"/>
  <File Type="ROUTE-DRC-RPX" Name="AXIS_ACC_SQUARES_drc_routed.rpx"/>
  <File Type="BITSTR-LTX" Name="AXIS_ACC_SQUARES.ltx"/>
  <File Type="ROUTE-METHODOLOGY-DRC" Name="AXIS_ACC_SQUARES_methodology_drc_routed.rpt"/>
  <File Type="BITSTR-MMI" Name="AXIS_ACC_SQUARES.mmi"/>
  <File Type="ROUTE-METHODOLOGY-DRC-RPX" Name="AXIS_ACC_SQUARES_methodology_drc_routed.rpx"/>
  <File Type="ROUTE-METHODOLOGY-DRC-PB" Name="AXIS_ACC_SQUARES_methodology_drc_routed.pb"/>
  <File Type="BITSTR-SYSDEF" Name="AXIS_ACC_SQUARES.sysdef"/>
  <File Type="ROUTE-PWR-RPX" Name="AXIS_ACC_SQUARES_power_routed.rpx"/>
  <File Type="ROUTE-STATUS" Name="AXIS_ACC_SQUARES_route_status.rpt"/>
  <File Type="ROUTE-STATUS-PB" Name="AXIS_ACC_SQUARES_route_status.pb"/>
  <File Type="ROUTE-TIMINGSUMMARY" Name="AXIS_ACC_SQUARES_timing_summary_routed.rpt"/>
  <File Type="ROUTE-TIMING-PB" Name="AXIS_ACC_SQUARES_timing_summary_routed.pb"/>
  <File Type="ROUTE-TIMING-RPX" Name="AXIS_ACC_SQUARES_timing_summary_routed.rpx"/>
  <File Type="ROUTE-CLK" Name="AXIS_ACC_SQUARES_clock_utilization_routed.rpt"/>
  <File Type="ROUTE-BUS-SKEW" Name="AXIS_ACC_SQUARES_bus_skew_routed.rpt"/>
  <File Type="ROUTE-BUS-SKEW-PB" Name="AXIS_ACC_SQUARES_bus_skew_routed.pb"/>
  <File Type="ROUTE-BUS-SKEW-RPX" Name="AXIS_ACC_SQUARES_bus_skew_routed.rpx"/>
  <File Type="POSTROUTE-PHYSOPT-DCP" Name="AXIS_ACC_SQUARES_postroute_physopt.dcp"/>
  <File Type="POSTROUTE-PHYSOPT-BLACKBOX-DCP" Name="AXIS_ACC_SQUARES_postroute_physopt_bb.dcp"/>
  <File Type="BG-BIT" Name="AXIS_ACC_SQUARES.bit"/>
  <File Type="BITSTR-RBT" Name="AXIS_ACC_SQUARES.rbt"/>
  <File Type="BITSTR-NKY" Name="AXIS_ACC_SQUARES.nky"/>
  <File Type="BG-DRC" Name="AXIS_ACC_SQUARES.drc"/>
  <File Type="RDI-RDI" Name="AXIS_ACC_SQUARES.vdi"/>
  <File Type="WBT-USG" Name="usage_statistics_webtalk.html"/>
  <FileSet Name="sources" Type="DesignSrcs" RelSrcDir="$PSRCDIR/sources_1">
    <Filter Type="Srcs"/>
    <File Path="$PSRCDIR/sources_1/imports/sources_1/imports/acumulador_00/am_data_types.vhd">
      <FileInfo>
        <Attr Name="ImportPath" Val="$PPRDIR/../acumulador_00/acumulador_00.srcs/sources_1/imports/acumulador_00/am_data_types.vhd"/>
        <Attr Name="ImportTime" Val="1654672700"/>
        <Attr Name="UsedIn" Val="synthesis"/>
        <Attr Name="UsedIn" Val="simulation"/>
      </FileInfo>
    </File>
    <File Path="$PSRCDIR/sources_1/imports/pkg/am_functions.vhd">
      <FileInfo>
        <Attr Name="ImportPath" Val="$PPRDIR/../../Github axi4 modules/pkg/am_functions.vhd"/>
        <Attr Name="ImportTime" Val="1654672700"/>
        <Attr Name="UsedIn" Val="synthesis"/>
        <Attr Name="UsedIn" Val="simulation"/>
      </FileInfo>
    </File>
    <File Path="$PSRCDIR/sources_1/imports/sources_1/imports/acumulador_00/reset_replicator.vhd">
      <FileInfo>
        <Attr Name="ImportPath" Val="$PPRDIR/../acumulador_00/acumulador_00.srcs/sources_1/imports/acumulador_00/reset_replicator.vhd"/>
        <Attr Name="ImportTime" Val="1654672700"/>
        <Attr Name="UsedIn" Val="synthesis"/>
        <Attr Name="UsedIn" Val="simulation"/>
      </FileInfo>
    </File>
    <File Path="$PSRCDIR/sources_1/imports/sources_1/imports/acumulador_00/axis_splitter_base.vhd">
      <FileInfo>
        <Attr Name="ImportPath" Val="$PPRDIR/../acumulador_00/acumulador_00.srcs/sources_1/imports/acumulador_00/axis_splitter_base.vhd"/>
        <Attr Name="ImportTime" Val="1654672700"/>
        <Attr Name="UsedIn" Val="synthesis"/>
        <Attr Name="UsedIn" Val="simulation"/>
      </FileInfo>
    </File>
    <File Path="$PSRCDIR/sources_1/imports/sources_1/imports/acumulador_00/axis_splitter_2.vhd">
      <FileInfo>
        <Attr Name="ImportPath" Val="$PPRDIR/../acumulador_00/acumulador_00.srcs/sources_1/imports/acumulador_00/axis_splitter_2.vhd"/>
        <Attr Name="ImportTime" Val="1654672700"/>
        <Attr Name="UsedIn" Val="synthesis"/>
        <Attr Name="UsedIn" Val="simulation"/>
      </FileInfo>
    </File>
    <File Path="$PSRCDIR/sources_1/imports/sources_1/imports/acumulador_00/axis_synchronizer_latched_2.vhd">
      <FileInfo>
        <Attr Name="ImportPath" Val="$PPRDIR/../acumulador_00/acumulador_00.srcs/sources_1/imports/acumulador_00/axis_synchronizer_latched_2.vhd"/>
        <Attr Name="ImportTime" Val="1654672700"/>
        <Attr Name="UsedIn" Val="synthesis"/>
        <Attr Name="UsedIn" Val="simulation"/>
      </FileInfo>
    </File>
    <File Path="$PSRCDIR/sources_1/imports/sources_1/imports/acumulador_00/axis_synchronizer_passthrough_2.vhd">
      <FileInfo>
        <Attr Name="ImportPath" Val="$PPRDIR/../acumulador_00/acumulador_00.srcs/sources_1/imports/acumulador_00/axis_synchronizer_passthrough_2.vhd"/>
        <Attr Name="ImportTime" Val="1654672700"/>
        <Attr Name="UsedIn" Val="synthesis"/>
        <Attr Name="UsedIn" Val="simulation"/>
      </FileInfo>
    </File>
    <File Path="$PSRCDIR/sources_1/imports/sources_1/imports/acumulador_00/axis_synchronizer_2.vhd">
      <FileInfo>
        <Attr Name="ImportPath" Val="$PPRDIR/../acumulador_00/acumulador_00.srcs/sources_1/imports/acumulador_00/axis_synchronizer_2.vhd"/>
        <Attr Name="ImportTime" Val="1654672700"/>
        <Attr Name="UsedIn" Val="synthesis"/>
        <Attr Name="UsedIn" Val="simulation"/>
      </FileInfo>
    </File>
    <File Path="$PSRCDIR/sources_1/imports/sources_1/imports/acumulador_00/signed_multiplier.vhd">
      <FileInfo>
        <Attr Name="ImportPath" Val="$PPRDIR/../acumulador_00/acumulador_00.srcs/sources_1/imports/acumulador_00/signed_multiplier.vhd"/>
        <Attr Name="ImportTime" Val="1654672700"/>
        <Attr Name="UsedIn" Val="synthesis"/>
        <Attr Name="UsedIn" Val="simulation"/>
      </FileInfo>
    </File>
    <File Path="$PSRCDIR/sources_1/imports/sources_1/imports/acumulador_00/generic_multiplier.vhd">
      <FileInfo>
        <Attr Name="ImportPath" Val="$PPRDIR/../acumulador_00/acumulador_00.srcs/sources_1/imports/acumulador_00/generic_multiplier.vhd"/>
        <Attr Name="ImportTime" Val="1654672700"/>
        <Attr Name="UsedIn" Val="synthesis"/>
        <Attr Name="UsedIn" Val="simulation"/>
      </FileInfo>
    </File>
    <File Path="$PSRCDIR/sources_1/imports/sources_1/imports/acumulador_00/axis_multiplier.vhd">
      <FileInfo>
        <Attr Name="ImportPath" Val="$PPRDIR/../acumulador_00/acumulador_00.srcs/sources_1/imports/acumulador_00/axis_multiplier.vhd"/>
        <Attr Name="ImportTime" Val="1654672700"/>
        <Attr Name="UsedIn" Val="synthesis"/>
        <Attr Name="UsedIn" Val="simulation"/>
      </FileInfo>
    </File>
    <File Path="$PSRCDIR/sources_1/imports/sources_1/imports/acumulador_00/axis_accumulator.vhd">
      <FileInfo>
        <Attr Name="ImportPath" Val="$PPRDIR/../acumulador_00/acumulador_00.srcs/sources_1/imports/acumulador_00/axis_accumulator.vhd"/>
        <Attr Name="ImportTime" Val="1654672700"/>
        <Attr Name="UsedIn" Val="synthesis"/>
        <Attr Name="UsedIn" Val="simulation"/>
      </FileInfo>
    </File>
    <File Path="$PSRCDIR/sources_1/imports/sources_1/new/axis_acc_squares.vhd">
      <FileInfo>
        <Attr Name="ImportPath" Val="$PPRDIR/../acumulador_00/acumulador_00.srcs/sources_1/new/axis_acc_squares.vhd"/>
        <Attr Name="ImportTime" Val="1676918563"/>
        <Attr Name="UsedIn" Val="synthesis"/>
        <Attr Name="UsedIn" Val="simulation"/>
      </FileInfo>
    </File>
    <Config>
      <Option Name="DesignMode" Val="RTL"/>
      <Option Name="TopModule" Val="AXIS_ACC_SQUARES"/>
      <Option Name="TopAutoSet" Val="TRUE"/>
    </Config>
  </FileSet>
  <FileSet Name="constrs_in" Type="Constrs" RelSrcDir="$PSRCDIR/constrs_1">
    <Filter Type="Constrs"/>
    <Config>
      <Option Name="ConstrsType" Val="XDC"/>
    </Config>
  </FileSet>
  <FileSet Name="utils" Type="Utils" RelSrcDir="$PSRCDIR/utils_1">
    <Filter Type="Utils"/>
    <Config>
      <Option Name="TopAutoSet" Val="TRUE"/>
    </Config>
  </FileSet>
  <Strategy Version="1" Minor="2">
    <StratHandle Name="Vivado Implementation Defaults" Flow="Vivado Implementation 2019"/>
    <Step Id="init_design"/>
    <Step Id="opt_design"/>
    <Step Id="power_opt_design"/>
    <Step Id="place_design"/>
    <Step Id="post_place_power_opt_design"/>
    <Step Id="phys_opt_design"/>
    <Step Id="route_design"/>
    <Step Id="post_route_phys_opt_design"/>
    <Step Id="write_bitstream"/>
  </Strategy>
</GenRun>
