<?xml version="1.0" encoding="UTF-8"?>
<GenRun Id="synth_1" LaunchPart="xc7k70tfbv676-1" LaunchTime="1687499324">
  <File Type="PA-TCL" Name="AXIS_ACC_SQUARES.tcl"/>
  <File Type="RDS-PROPCONSTRS" Name="AXIS_ACC_SQUARES_drc_synth.rpt"/>
  <File Type="REPORTS-TCL" Name="AXIS_ACC_SQUARES_reports.tcl"/>
  <File Type="RDS-RDS" Name="AXIS_ACC_SQUARES.vds"/>
  <File Type="RDS-UTIL" Name="AXIS_ACC_SQUARES_utilization_synth.rpt"/>
  <File Type="RDS-UTIL-PB" Name="AXIS_ACC_SQUARES_utilization_synth.pb"/>
  <File Type="RDS-DCP" Name="AXIS_ACC_SQUARES.dcp"/>
  <File Type="VDS-TIMINGSUMMARY" Name="AXIS_ACC_SQUARES_timing_summary_synth.rpt"/>
  <File Type="VDS-TIMING-PB" Name="AXIS_ACC_SQUARES_timing_summary_synth.pb"/>
  <FileSet Name="sources" Type="DesignSrcs" RelSrcDir="$PSRCDIR/sources_1">
    <Filter Type="Srcs"/>
    <File Path="$PSRCDIR/sources_1/imports/sources_1/imports/acumulador_00/am_data_types.vhd">
      <FileInfo>
        <Attr Name="ImportPath" Val="$PPRDIR/../../../Temps/acumulador_00/acumulador_00.srcs/sources_1/imports/acumulador_00/am_data_types.vhd"/>
        <Attr Name="ImportTime" Val="1654672700"/>
        <Attr Name="UsedIn" Val="synthesis"/>
        <Attr Name="UsedIn" Val="simulation"/>
      </FileInfo>
    </File>
    <File Path="$PSRCDIR/sources_1/imports/pkg/am_functions.vhd">
      <FileInfo>
        <Attr Name="ImportPath" Val="$PPRDIR/../../../Github axi4 modules/pkg/am_functions.vhd"/>
        <Attr Name="ImportTime" Val="1654672700"/>
        <Attr Name="UsedIn" Val="synthesis"/>
        <Attr Name="UsedIn" Val="simulation"/>
      </FileInfo>
    </File>
    <File Path="$PSRCDIR/sources_1/imports/sources_1/imports/acumulador_00/reset_replicator.vhd">
      <FileInfo>
        <Attr Name="ImportPath" Val="$PPRDIR/../../../Temps/acumulador_00/acumulador_00.srcs/sources_1/imports/acumulador_00/reset_replicator.vhd"/>
        <Attr Name="ImportTime" Val="1654672700"/>
        <Attr Name="UsedIn" Val="synthesis"/>
        <Attr Name="UsedIn" Val="simulation"/>
      </FileInfo>
    </File>
    <File Path="$PSRCDIR/sources_1/imports/sources_1/imports/acumulador_00/axis_splitter_base.vhd">
      <FileInfo>
        <Attr Name="ImportPath" Val="$PPRDIR/../../../Temps/acumulador_00/acumulador_00.srcs/sources_1/imports/acumulador_00/axis_splitter_base.vhd"/>
        <Attr Name="ImportTime" Val="1654672700"/>
        <Attr Name="UsedIn" Val="synthesis"/>
        <Attr Name="UsedIn" Val="simulation"/>
      </FileInfo>
    </File>
    <File Path="$PSRCDIR/sources_1/imports/sources_1/imports/acumulador_00/axis_splitter_2.vhd">
      <FileInfo>
        <Attr Name="ImportPath" Val="$PPRDIR/../../../Temps/acumulador_00/acumulador_00.srcs/sources_1/imports/acumulador_00/axis_splitter_2.vhd"/>
        <Attr Name="ImportTime" Val="1654672700"/>
        <Attr Name="UsedIn" Val="synthesis"/>
        <Attr Name="UsedIn" Val="simulation"/>
      </FileInfo>
    </File>
    <File Path="$PSRCDIR/sources_1/imports/sources_1/imports/acumulador_00/axis_synchronizer_latched_2.vhd">
      <FileInfo>
        <Attr Name="ImportPath" Val="$PPRDIR/../../../Temps/acumulador_00/acumulador_00.srcs/sources_1/imports/acumulador_00/axis_synchronizer_latched_2.vhd"/>
        <Attr Name="ImportTime" Val="1654672700"/>
        <Attr Name="UsedIn" Val="synthesis"/>
        <Attr Name="UsedIn" Val="simulation"/>
      </FileInfo>
    </File>
    <File Path="$PSRCDIR/sources_1/imports/sources_1/imports/acumulador_00/axis_synchronizer_passthrough_2.vhd">
      <FileInfo>
        <Attr Name="ImportPath" Val="$PPRDIR/../../../Temps/acumulador_00/acumulador_00.srcs/sources_1/imports/acumulador_00/axis_synchronizer_passthrough_2.vhd"/>
        <Attr Name="ImportTime" Val="1654672700"/>
        <Attr Name="UsedIn" Val="synthesis"/>
        <Attr Name="UsedIn" Val="simulation"/>
      </FileInfo>
    </File>
    <File Path="$PSRCDIR/sources_1/imports/sources_1/imports/acumulador_00/axis_synchronizer_2.vhd">
      <FileInfo>
        <Attr Name="ImportPath" Val="$PPRDIR/../../../Temps/acumulador_00/acumulador_00.srcs/sources_1/imports/acumulador_00/axis_synchronizer_2.vhd"/>
        <Attr Name="ImportTime" Val="1654672700"/>
        <Attr Name="UsedIn" Val="synthesis"/>
        <Attr Name="UsedIn" Val="simulation"/>
      </FileInfo>
    </File>
    <File Path="$PSRCDIR/sources_1/imports/sources_1/imports/acumulador_00/signed_multiplier.vhd">
      <FileInfo>
        <Attr Name="ImportPath" Val="$PPRDIR/../../../Temps/acumulador_00/acumulador_00.srcs/sources_1/imports/acumulador_00/signed_multiplier.vhd"/>
        <Attr Name="ImportTime" Val="1654672700"/>
        <Attr Name="UsedIn" Val="synthesis"/>
        <Attr Name="UsedIn" Val="simulation"/>
      </FileInfo>
    </File>
    <File Path="$PSRCDIR/sources_1/imports/sources_1/imports/acumulador_00/generic_multiplier.vhd">
      <FileInfo>
        <Attr Name="ImportPath" Val="$PPRDIR/../../../Temps/acumulador_00/acumulador_00.srcs/sources_1/imports/acumulador_00/generic_multiplier.vhd"/>
        <Attr Name="ImportTime" Val="1654672700"/>
        <Attr Name="UsedIn" Val="synthesis"/>
        <Attr Name="UsedIn" Val="simulation"/>
      </FileInfo>
    </File>
    <File Path="$PSRCDIR/sources_1/imports/sources_1/imports/acumulador_00/axis_multiplier.vhd">
      <FileInfo>
        <Attr Name="ImportPath" Val="$PPRDIR/../../../Temps/acumulador_00/acumulador_00.srcs/sources_1/imports/acumulador_00/axis_multiplier.vhd"/>
        <Attr Name="ImportTime" Val="1654672700"/>
        <Attr Name="UsedIn" Val="synthesis"/>
        <Attr Name="UsedIn" Val="simulation"/>
      </FileInfo>
    </File>
    <File Path="$PSRCDIR/sources_1/imports/sources_1/imports/acumulador_00/axis_accumulator.vhd">
      <FileInfo>
        <Attr Name="ImportPath" Val="$PPRDIR/../../../Temps/acumulador_00/acumulador_00.srcs/sources_1/imports/acumulador_00/axis_accumulator.vhd"/>
        <Attr Name="ImportTime" Val="1654672700"/>
        <Attr Name="UsedIn" Val="synthesis"/>
        <Attr Name="UsedIn" Val="simulation"/>
      </FileInfo>
    </File>
    <File Path="$PSRCDIR/sources_1/imports/axiFw/axis_acc_squares.vhd">
      <FileInfo>
        <Attr Name="ImportPath" Val="$PPRDIR/../../../PLY/ply - 2.0/example/axiFw/axis_acc_squares.vhd"/>
        <Attr Name="ImportTime" Val="1681987017"/>
        <Attr Name="UsedIn" Val="synthesis"/>
        <Attr Name="UsedIn" Val="simulation"/>
      </FileInfo>
    </File>
    <Config>
      <Option Name="DesignMode" Val="RTL"/>
      <Option Name="TopModule" Val="AXIS_ACC_SQUARES"/>
      <Option Name="TopAutoSet" Val="TRUE"/>
    </Config>
  </FileSet>
  <FileSet Name="constrs_in" Type="Constrs" RelSrcDir="$PSRCDIR/constrs_1">
    <Filter Type="Constrs"/>
    <Config>
      <Option Name="ConstrsType" Val="XDC"/>
    </Config>
  </FileSet>
  <FileSet Name="utils" Type="Utils" RelSrcDir="$PSRCDIR/utils_1">
    <Filter Type="Utils"/>
    <Config>
      <Option Name="TopAutoSet" Val="TRUE"/>
    </Config>
  </FileSet>
  <Strategy Version="1" Minor="2">
    <StratHandle Name="Vivado Synthesis Defaults" Flow="Vivado Synthesis 2019"/>
    <Step Id="synth_design"/>
  </Strategy>
</GenRun>
